date,home_team,away_team,home_score,away_score,predicted_home_goals,predicted_away_goals,predicted_result,actual_result,correct_outcome,exact_score,goal_diff_error
2025-06-28,Panama,Honduras,1,1,2,1,team1,draw,False,False,1.0
2025-06-28,Mexico,Saudi Arabia,2,0,2,0,team1,team1,True,True,0.0
2025-06-29,Canada,Guatemala,1,1,3,0,team1,draw,False,False,3.0
2025-06-29,United States,Costa Rica,2,2,2,1,team1,draw,False,False,1.0
2025-07-01,Tamil Eelam,Tibet,4,0,3,0,team1,team1,True,False,1.0
2025-07-02,United States,Guatemala,2,1,3,0,team1,team1,True,False,2.0
2025-07-02,Mexico,Honduras,1,0,3,0,team1,team1,True,False,2.0
2025-07-02,Tamil Eelam,East Turkestan,2,1,1,1,draw,team1,False,False,1.0
2025-07-03,Tibet,East Turkestan,4,6,0,3,team2,team2,True,False,1.0
2025-07-04,Tamil Eelam,East Turkestan,5,0,1,1,draw,team1,False,False,5.0
2025-07-06,United States,Mexico,1,2,1,2,team2,team2,True,True,0.0
2025-07-13,Hitra,Isle of Man,2,7,0,3,team2,team2,True,False,2.0
2025-07-13,Orkney,Frøya,3,0,2,1,team1,team1,True,False,2.0
2025-07-13,Gozo,Shetland,0,0,1,1,draw,draw,True,False,0.0
2025-07-14,Orkney,Hitra,3,2,2,1,team1,team1,True,False,0.0
2025-07-14,Isle of Man,Frøya,10,1,3,0,team1,team1,True,False,6.0
2025-07-14,Jersey,Gozo,2,0,2,1,team1,team1,True,False,1.0
2025-07-14,Ynys Môn,Western Isles,1,0,2,1,team1,team1,True,False,0.0
2025-07-15,Orkney,Isle of Man,1,3,0,2,team2,team2,True,False,0.0
2025-07-15,Frøya,Hitra,0,6,1,1,draw,team2,False,False,6.0
2025-07-15,Jersey,Shetland,2,2,2,1,team1,draw,False,False,1.0
2025-07-17,Hitra,Frøya,3,0,1,1,draw,team1,False,False,3.0
2025-07-17,Gozo,Western Isles,3,3,2,1,team1,draw,False,False,1.0
2025-07-17,Orkney,Shetland,3,2,1,2,team2,team1,False,False,2.0
2025-07-17,Isle of Man,Ynys Môn,0,1,2,1,team1,team2,False,False,2.0
2025-07-18,Isle of Man,Jersey,3,2,1,1,draw,team1,False,False,1.0
2025-08-13,United States Virgin Islands,Turks and Caicos Islands,1,1,7,0,team1,draw,False,False,7.0
2025-08-14,Marshall Islands,United States Virgin Islands,0,4,2,1,team1,team2,False,False,5.0
2025-08-16,Turks and Caicos Islands,Marshall Islands,3,2,0,10,team2,team1,False,False,11.0
2025-08-24,Qatar,Lebanon,2,2,3,0,team1,draw,False,False,3.0
2025-09-03,Qatar,Bahrain,2,2,2,1,team1,draw,False,False,1.0
2025-09-03,Seychelles,Gabon,0,4,0,6,team2,team2,True,False,2.0
2025-09-04,Gibraltar,Albania,0,1,0,5,team2,team2,True,False,4.0
2025-09-04,Malaysia,Singapore,2,1,2,1,team1,team1,True,True,0.0
2025-09-04,Norway,Finland,1,0,3,0,team1,team1,True,False,2.0
2025-09-04,Russia,Jordan,0,0,2,1,team1,draw,False,False,1.0
2025-09-04,Saudi Arabia,North Macedonia,2,1,2,1,team1,team1,True,True,0.0
2025-09-04,United Arab Emirates,Syria,3,1,2,1,team1,team1,True,False,1.0
2025-09-04,Colombia,Bolivia,3,0,4,0,team1,team1,True,False,1.0
2025-09-04,Argentina,Venezuela,3,0,5,0,team1,team1,True,False,2.0
2025-09-04,Paraguay,Ecuador,0,0,1,2,team2,draw,False,False,1.0
2025-09-04,Uruguay,Peru,3,0,3,0,team1,team1,True,True,0.0
2025-09-04,Brazil,Chile,3,0,3,0,team1,team1,True,True,0.0
2025-09-04,Guinea-Bissau,Sierra Leone,1,1,1,1,draw,draw,True,True,0.0
2025-09-04,Angola,Libya,0,1,2,1,team1,team2,False,False,2.0
2025-09-04,Cameroon,Eswatini,3,0,5,0,team1,team1,True,False,2.0
2025-09-04,Mauritius,Cape Verde,0,2,0,4,team2,team2,True,False,2.0
2025-09-04,Algeria,Botswana,3,1,5,0,team1,team1,True,False,3.0
2025-09-04,São Tomé and Príncipe,Equatorial Guinea,2,3,0,4,team2,team2,True,False,3.0
2025-09-04,Tunisia,Liberia,3,0,4,0,team1,team1,True,False,1.0
2025-09-04,Chad,Ghana,1,1,0,4,team2,draw,False,False,4.0
2025-09-04,Madagascar,Central African Republic,2,0,2,1,team1,team1,True,False,1.0
2025-09-04,Mali,Comoros,3,0,3,0,team1,team1,True,True,0.0
2025-09-04,Luxembourg,Northern Ireland,1,3,1,2,team2,team2,True,False,1.0
2025-09-04,Slovakia,Germany,2,0,0,2,team2,team1,False,False,4.0
2025-09-04,Georgia,Turkey,2,3,1,2,team2,team2,True,False,0.0
2025-09-04,Bulgaria,Spain,0,3,0,7,team2,team2,True,False,4.0
2025-09-04,Lithuania,Malta,1,1,2,1,team1,draw,False,False,1.0
2025-09-04,Netherlands,Poland,1,1,3,0,team1,draw,False,False,3.0
2025-09-04,Kazakhstan,Wales,0,1,0,3,team2,team2,True,False,2.0
2025-09-04,Liechtenstein,Belgium,0,6,0,16,team2,team2,True,False,10.0
2025-09-04,Iraq,Hong Kong,2,1,1,1,draw,team1,False,False,1.0
2025-09-04,Thailand,Fiji,3,0,2,0,team1,team1,True,False,1.0
2025-09-04,Suriname,Panama,0,0,0,3,team2,draw,False,False,3.0
2025-09-04,Guatemala,El Salvador,0,1,2,1,team1,team2,False,False,2.0
2025-09-05,Australia,New Zealand,1,0,2,0,team1,team1,True,False,1.0
2025-09-05,Indonesia,Taiwan,6,0,1,2,team2,team1,False,False,7.0
2025-09-05,Romania,Canada,0,3,1,2,team2,team2,True,False,2.0
2025-09-05,Djibouti,Burkina Faso,0,6,0,6,team2,team2,True,True,0.0
2025-09-05,Egypt,Ethiopia,2,0,5,0,team1,team1,True,False,3.0
2025-09-05,South Sudan,DR Congo,1,4,0,5,team2,team2,True,False,2.0
2025-09-05,Mauritania,Togo,2,0,1,1,draw,team1,False,False,2.0
2025-09-05,Senegal,Sudan,2,0,6,0,team1,team1,True,False,4.0
2025-09-05,Benin,Zimbabwe,1,0,2,1,team1,team1,True,False,0.0
2025-09-05,South Africa,Lesotho,3,0,4,0,team1,team1,True,False,1.0
2025-09-05,Congo,Tanzania,1,1,1,2,team2,draw,False,False,1.0
2025-09-05,Morocco,Niger,5,0,7,0,team1,team1,True,False,2.0
2025-09-05,Kenya,Gambia,1,3,1,2,team2,team2,True,False,1.0
2025-09-05,Ivory Coast,Burundi,1,0,5,0,team1,team1,True,False,4.0
2025-09-05,Somalia,Guinea,0,3,0,6,team2,team2,True,False,3.0
2025-09-05,Uganda,Mozambique,4,0,2,1,team1,team1,True,False,3.0
2025-09-05,Namibia,Malawi,1,2,1,1,draw,team2,False,False,1.0
2025-09-05,Slovenia,Sweden,2,2,1,1,draw,draw,True,False,0.0
2025-09-05,Switzerland,Kosovo,4,0,3,0,team1,team1,True,False,1.0
2025-09-05,Denmark,Scotland,0,0,2,1,team1,draw,False,False,1.0
2025-09-05,Greece,Belarus,5,1,3,0,team1,team1,True,False,1.0
2025-09-05,Iceland,Azerbaijan,5,0,2,0,team1,team1,True,False,3.0
2025-09-05,Ukraine,France,0,2,0,3,team2,team2,True,False,1.0
2025-09-05,Italy,Estonia,5,0,6,0,team1,team1,True,False,1.0
2025-09-05,Moldova,Israel,0,4,0,3,team2,team2,True,False,1.0
2025-09-05,Faroe Islands,Croatia,0,1,0,6,team2,team2,True,False,5.0
2025-09-05,Montenegro,Czech Republic,0,2,1,2,team2,team2,True,False,1.0
2025-09-05,Bermuda,Jamaica,0,4,0,3,team2,team2,True,False,1.0
2025-09-05,Trinidad and Tobago,Curaçao,0,0,1,2,team2,draw,False,False,1.0
2025-09-05,Haiti,Honduras,0,0,1,1,draw,draw,True,False,0.0
2025-09-05,Nicaragua,Costa Rica,1,1,0,3,team2,draw,False,False,3.0
2025-09-06,Sri Lanka,Maldives,0,3,1,1,draw,team2,False,False,3.0
2025-09-06,Mexico,Japan,0,0,1,1,draw,draw,True,False,0.0
2025-09-06,Nepal,Bangladesh,0,0,1,1,draw,draw,True,False,0.0
2025-09-06,United States,South Korea,0,2,1,1,draw,team2,False,False,2.0
2025-09-06,Nigeria,Rwanda,1,0,5,0,team1,team1,True,False,4.0
2025-09-06,Republic of Ireland,Hungary,2,2,1,1,draw,draw,True,False,0.0
2025-09-06,Armenia,Portugal,0,5,0,7,team2,team2,True,False,2.0
2025-09-06,Austria,Cyprus,1,0,6,0,team1,team1,True,False,5.0
2025-09-06,San Marino,Bosnia and Herzegovina,0,6,0,7,team2,team2,True,False,1.0
2025-09-06,Latvia,Serbia,0,1,0,4,team2,team2,True,False,3.0
2025-09-06,England,Andorra,2,0,16,0,team1,team1,True,False,14.0
2025-09-07,Central African Republic,Comoros,0,2,1,2,team2,team2,True,False,1.0
2025-09-07,Germany,Northern Ireland,3,1,4,0,team1,team1,True,False,2.0
2025-09-07,Luxembourg,Slovakia,0,1,0,2,team2,team2,True,False,1.0
2025-09-07,Georgia,Bulgaria,3,0,2,1,team1,team1,True,False,2.0
2025-09-07,Turkey,Spain,0,6,0,3,team2,team2,True,False,3.0
2025-09-07,Lithuania,Netherlands,2,3,0,8,team2,team2,True,False,7.0
2025-09-07,Poland,Finland,3,1,2,1,team1,team1,True,False,1.0
2025-09-07,North Macedonia,Liechtenstein,5,0,7,0,team1,team1,True,False,2.0
2025-09-07,Belgium,Kazakhstan,6,0,7,0,team1,team1,True,False,1.0
2025-09-07,Qatar,Russia,1,4,1,2,team2,team2,True,False,2.0
2025-09-07,Fiji,Hong Kong,0,8,0,3,team2,team2,True,False,5.0
2025-09-07,Thailand,Iraq,0,1,1,2,team2,team2,True,False,0.0
2025-09-08,Czech Republic,Saudi Arabia,1,1,2,1,team1,draw,False,False,1.0
2025-09-08,Indonesia,Lebanon,0,0,1,1,draw,draw,True,False,0.0
2025-09-08,Malaysia,Palestine,1,0,1,2,team2,team1,False,False,2.0
2025-09-08,Syria,Kuwait,2,2,2,1,team1,draw,False,False,1.0
2025-09-08,United Arab Emirates,Bahrain,1,0,2,1,team1,team1,True,False,0.0
2025-09-08,Guinea-Bissau,Djibouti,2,0,3,0,team1,team1,True,False,1.0
2025-09-08,Libya,Eswatini,2,0,2,0,team1,team1,True,True,0.0
2025-09-08,Zambia,Morocco,0,2,0,4,team2,team2,True,False,2.0
2025-09-08,Mozambique,Botswana,2,0,2,1,team1,team1,True,False,1.0
2025-09-08,Guinea,Algeria,0,0,0,3,team2,draw,False,False,3.0
2025-09-08,Uganda,Somalia,2,0,6,0,team1,team1,True,False,4.0
2025-09-08,Equatorial Guinea,Tunisia,0,1,0,3,team2,team2,True,False,2.0
2025-09-08,Malawi,Liberia,2,2,2,1,team1,draw,False,False,1.0
2025-09-08,Madagascar,Chad,3,1,3,0,team1,team1,True,False,1.0
2025-09-08,Ghana,Mali,1,0,1,2,team2,team1,False,False,2.0
2025-09-08,Kosovo,Sweden,2,0,1,2,team2,team1,False,False,3.0
2025-09-08,Switzerland,Slovenia,3,0,2,0,team1,team1,True,False,1.0
2025-09-08,Belarus,Scotland,0,2,0,2,team2,team2,True,True,0.0
2025-09-08,Greece,Denmark,0,3,1,2,team2,team2,True,False,2.0
2025-09-08,Israel,Italy,4,5,0,3,team2,team2,True,False,2.0
2025-09-08,Croatia,Montenegro,4,0,4,0,team1,team1,True,True,0.0
2025-09-08,Gibraltar,Faroe Islands,0,1,0,2,team2,team2,True,False,1.0
2025-09-08,El Salvador,Suriname,1,2,1,1,draw,team2,False,False,1.0
2025-09-08,Panama,Guatemala,1,1,3,0,team1,draw,False,False,3.0
2025-09-09,Estonia,Andorra,0,0,3,0,team1,draw,False,False,3.0
2025-09-09,Jordan,Dominican Republic,3,0,2,0,team1,team1,True,False,1.0
2025-09-09,Malta,San Marino,3,1,3,0,team1,team1,True,False,1.0
2025-09-09,Mexico,South Korea,2,2,1,1,draw,draw,True,False,0.0
2025-09-09,New Zealand,Australia,1,3,1,2,team2,team2,True,False,1.0
2025-09-09,Singapore,Myanmar,1,1,2,1,team1,draw,False,False,1.0
2025-09-09,Sri Lanka,Maldives,1,1,1,1,draw,draw,True,True,0.0
2025-09-09,United States,Japan,2,0,1,2,team2,team1,False,False,3.0
2025-09-09,Wales,Canada,0,1,1,2,team2,team2,True,False,0.0
2025-09-09,Ecuador,Argentina,1,0,0,3,team2,team1,False,False,4.0
2025-09-09,Peru,Paraguay,0,1,1,1,draw,team2,False,False,1.0
2025-09-09,Bolivia,Brazil,1,0,0,5,team2,team1,False,False,6.0
2025-09-09,Venezuela,Colombia,3,6,0,2,team2,team2,True,False,1.0
2025-09-09,Chile,Uruguay,0,0,1,2,team2,draw,False,False,1.0
2025-09-09,Sierra Leone,Ethiopia,2,0,1,1,draw,team1,False,False,2.0
2025-09-09,Burkina Faso,Egypt,0,0,1,2,team2,draw,False,False,1.0
2025-09-09,Togo,Sudan,1,0,2,1,team1,team1,True,False,0.0
2025-09-09,DR Congo,Senegal,2,3,1,2,team2,team2,True,False,0.0
2025-09-09,Mauritania,South Sudan,0,0,2,0,team1,draw,False,False,2.0
2025-09-09,Zimbabwe,Rwanda,0,1,1,1,draw,team2,False,False,1.0
2025-09-09,South Africa,Nigeria,1,1,1,2,team2,draw,False,False,1.0
2025-09-09,Benin,Lesotho,4,0,2,0,team1,team1,True,False,2.0
2025-09-09,Cape Verde,Cameroon,1,0,1,2,team2,team1,False,False,2.0
2025-09-09,Angola,Mauritius,3,1,4,0,team1,team1,True,False,2.0
2025-09-09,Tanzania,Niger,0,1,2,1,team1,team2,False,False,2.0
2025-09-09,Kenya,Seychelles,5,0,5,0,team1,team1,True,True,0.0
2025-09-09,Gabon,Ivory Coast,0,0,0,2,team2,draw,False,False,2.0
2025-09-09,Gambia,Burundi,2,0,3,0,team1,team1,True,False,1.0
2025-09-09,Namibia,São Tomé and Príncipe,3,0,3,0,team1,team1,True,True,0.0
2025-09-09,Azerbaijan,Ukraine,1,1,0,3,team2,draw,False,False,3.0
2025-09-09,France,Iceland,2,1,6,0,team1,team1,True,False,5.0
2025-09-09,Armenia,Republic of Ireland,2,1,0,2,team2,team1,False,False,3.0
2025-09-09,Hungary,Portugal,2,3,0,3,team2,team2,True,False,2.0
2025-09-09,Bosnia and Herzegovina,Austria,1,2,0,2,team2,team2,True,False,1.0
2025-09-09,Cyprus,Romania,2,2,0,3,team2,draw,False,False,3.0
2025-09-09,Norway,Moldova,11,1,6,0,team1,team1,True,False,4.0
2025-09-09,Albania,Latvia,1,0,3,0,team1,team1,True,False,2.0
2025-09-09,Serbia,England,0,5,0,3,team2,team2,True,False,2.0
2025-09-09,Jamaica,Trinidad and Tobago,2,0,2,1,team1,team1,True,False,1.0
2025-09-09,Curaçao,Bermuda,3,2,3,0,team1,team1,True,False,2.0
2025-09-09,Costa Rica,Haiti,3,3,2,1,team1,draw,False,False,1.0
2025-09-09,Honduras,Nicaragua,2,0,2,1,team1,team1,True,False,1.0
2025-10-04,Saint Kitts and Nevis,Saint Martin,5,0,1,2,team2,team1,False,False,6.0
2025-10-05,Saint Kitts and Nevis,Saint Martin,2,1,1,2,team2,team1,False,False,2.0
2025-10-05,Saint Vincent and the Grenadines,Cuba,7,0,4,0,team1,team1,True,False,3.0
2025-10-08,Qatar,Oman,0,0,2,1,team1,draw,False,False,1.0
2025-10-08,Saudi Arabia,Indonesia,3,2,3,0,team1,team1,True,False,2.0
2025-10-08,Ethiopia,Guinea-Bissau,1,0,1,1,draw,team1,False,False,1.0
2025-10-08,Sierra Leone,Burkina Faso,0,1,0,3,team2,team2,True,False,2.0
2025-10-08,Djibouti,Egypt,0,3,0,9,team2,team2,True,False,6.0
2025-10-08,Libya,Cape Verde,3,3,1,2,team2,draw,False,False,1.0
2025-10-08,Eswatini,Angola,2,2,0,3,team2,draw,False,False,3.0
2025-10-08,Mauritius,Cameroon,0,2,0,5,team2,team2,True,False,3.0
2025-10-08,Niger,Congo,3,1,2,1,team1,team1,True,False,1.0
2025-10-08,Tanzania,Zambia,0,1,1,2,team2,team2,True,False,0.0
2025-10-08,Comoros,Madagascar,1,2,1,1,draw,team2,False,False,1.0
2025-10-08,Central African Republic,Ghana,0,5,0,3,team2,team2,True,False,2.0
2025-10-08,Chad,Mali,0,2,0,6,team2,team2,True,False,4.0
2025-10-08,Gibraltar,New Caledonia,0,2,0,3,team2,team2,True,False,1.0
2025-10-08,Saint Vincent and the Grenadines,Cuba,1,0,4,0,team1,team1,True,False,3.0
2025-10-09,England,Wales,3,0,3,0,team1,team1,True,True,0.0
2025-10-09,Poland,New Zealand,1,0,2,1,team1,team1,True,False,0.0
2025-10-09,Romania,Moldova,2,1,4,0,team1,team1,True,False,3.0
2025-10-09,Morocco,Bahrain,1,0,5,0,team1,team1,True,False,4.0
2025-10-09,Grenada,British Virgin Islands,4,1,3,0,team1,team1,True,False,0.0
2025-10-09,Burundi,Kenya,0,1,1,2,team2,team2,True,False,0.0
2025-10-09,Algeria,Somalia,3,0,14,0,team1,team1,True,False,11.0
2025-10-09,Botswana,Uganda,0,1,1,2,team2,team2,True,False,0.0
2025-10-09,Mozambique,Guinea,1,2,1,1,draw,team2,False,False,1.0
2025-10-09,Malawi,Equatorial Guinea,3,0,1,1,draw,team1,False,False,3.0
2025-10-09,Scotland,Greece,3,1,1,1,draw,team1,False,False,2.0
2025-10-09,Belarus,Denmark,0,6,0,4,team2,team2,True,False,2.0
2025-10-09,Malta,Netherlands,0,4,0,9,team2,team2,True,False,5.0
2025-10-09,Finland,Lithuania,2,1,3,0,team1,team1,True,False,2.0
2025-10-09,Austria,San Marino,10,0,15,0,team1,team1,True,False,5.0
2025-10-09,Cyprus,Bosnia and Herzegovina,2,2,0,2,team2,draw,False,False,2.0
2025-10-09,Faroe Islands,Montenegro,4,0,1,2,team2,team1,False,False,5.0
2025-10-09,Czech Republic,Croatia,0,0,1,2,team2,draw,False,False,1.0
2025-10-09,Tajikistan,Maldives,2,0,3,0,team1,team1,True,False,1.0
2025-10-09,Timor-Leste,Philippines,1,4,0,3,team2,team2,True,False,0.0
2025-10-09,Brunei,Yemen,0,2,2,1,team1,team2,False,False,3.0
2025-10-09,Lebanon,Bhutan,2,0,4,0,team1,team1,True,False,2.0
2025-10-09,Singapore,India,1,1,1,1,draw,draw,True,True,0.0
2025-10-09,Bangladesh,Hong Kong,3,4,0,4,team2,team2,True,False,3.0
2025-10-09,Sri Lanka,Turkmenistan,1,0,1,2,team2,team1,False,False,2.0
2025-10-09,Thailand,Taiwan,2,0,1,1,draw,team1,False,False,2.0
2025-10-09,Pakistan,Afghanistan,0,0,1,2,team2,draw,False,False,1.0
2025-10-09,Syria,Myanmar,5,1,3,0,team1,team1,True,False,1.0
2025-10-09,Laos,Malaysia,0,3,0,3,team2,team2,True,True,0.0
2025-10-09,Vietnam,Nepal,3,1,3,0,team1,team1,True,False,1.0
2025-10-09,Liberia,Namibia,3,1,1,1,draw,team1,False,False,2.0
2025-10-09,Nicaragua,Haiti,0,3,1,2,team2,team2,True,False,2.0
2025-10-09,Honduras,Costa Rica,0,0,1,2,team2,draw,False,False,1.0
2025-10-10,Argentina,Venezuela,1,0,4,0,team1,team1,True,False,3.0
2025-10-10,Chile,Peru,2,1,1,1,draw,team1,False,False,1.0
2025-10-10,Canada,Australia,0,1,1,1,draw,team2,False,False,1.0
2025-10-10,Russia,Iran,2,1,1,2,team2,team1,False,False,2.0
2025-10-10,Japan,Paraguay,2,2,3,0,team1,draw,False,False,3.0
2025-10-10,Uzbekistan,Kuwait,2,0,4,0,team1,team1,True,False,2.0
2025-10-10,Jordan,Bolivia,0,1,2,1,team1,team2,False,False,2.0
2025-10-10,South Korea,Brazil,0,5,1,2,team2,team2,True,False,4.0
2025-10-10,Uruguay,Dominican Republic,1,0,4,0,team1,team1,True,False,3.0
2025-10-10,United States,Ecuador,1,1,1,1,draw,draw,True,True,0.0
2025-10-10,Togo,DR Congo,0,1,0,3,team2,team2,True,False,2.0
2025-10-10,South Sudan,Senegal,0,5,0,8,team2,team2,True,False,3.0
2025-10-10,Sudan,Mauritania,0,0,1,1,draw,draw,True,False,0.0
2025-10-10,Lesotho,Nigeria,1,2,0,5,team2,team2,True,False,4.0
2025-10-10,Rwanda,Benin,0,1,1,2,team2,team2,True,False,0.0
2025-10-10,South Africa,Zimbabwe,0,0,3,0,team1,draw,False,False,3.0
2025-10-10,Gambia,Gabon,3,4,2,1,team1,team2,False,False,2.0
2025-10-10,Seychelles,Ivory Coast,0,7,0,11,team2,team2,True,False,4.0
2025-10-10,Tunisia,São Tomé and Príncipe,6,0,9,0,team1,team1,True,False,3.0
2025-10-10,Northern Ireland,Slovakia,2,0,1,2,team2,team1,False,False,3.0
2025-10-10,Germany,Luxembourg,4,0,5,0,team1,team1,True,False,1.0
2025-10-10,Kosovo,Slovenia,0,0,1,2,team2,draw,False,False,1.0
2025-10-10,Sweden,Switzerland,0,2,1,2,team2,team2,True,False,1.0
2025-10-10,Iceland,Ukraine,3,5,1,2,team2,team2,True,False,1.0
2025-10-10,France,Azerbaijan,3,0,10,0,team1,team1,True,False,7.0
2025-10-10,Kazakhstan,Liechtenstein,4,0,4,0,team1,team1,True,True,0.0
2025-10-10,Belgium,North Macedonia,0,0,4,0,team1,draw,False,False,4.0
2025-10-10,Suriname,Guatemala,1,1,1,1,draw,draw,True,True,0.0
2025-10-10,El Salvador,Panama,0,1,0,3,team2,team2,True,False,2.0
2025-10-10,Bermuda,Trinidad and Tobago,0,3,1,2,team2,team2,True,False,2.0
2025-10-10,Curaçao,Jamaica,2,0,1,1,draw,team1,False,False,2.0
2025-10-11,Grenada,Cuba,2,0,1,1,draw,team1,False,False,2.0
2025-10-11,Mexico,Colombia,0,4,1,1,draw,team2,False,False,4.0
2025-10-11,United Arab Emirates,Oman,2,1,2,1,team1,team1,True,True,0.0
2025-10-11,Iraq,Indonesia,1,0,3,0,team1,team1,True,False,2.0
2025-10-11,Spain,Georgia,2,0,5,0,team1,team1,True,False,3.0
2025-10-11,Bulgaria,Turkey,1,6,0,3,team2,team2,True,False,2.0
2025-10-11,Hungary,Armenia,2,0,3,0,team1,team1,True,False,1.0
2025-10-11,Portugal,Republic of Ireland,1,0,4,0,team1,team1,True,False,3.0
2025-10-11,Norway,Israel,5,0,3,0,team1,team1,True,False,2.0
2025-10-11,Estonia,Italy,1,3,0,5,team2,team2,True,False,3.0
2025-10-11,Latvia,Andorra,2,2,2,0,team1,draw,False,False,2.0
2025-10-11,Serbia,Albania,0,1,2,1,team1,team2,False,False,2.0
2025-10-12,Malta,Bosnia and Herzegovina,1,4,0,3,team2,team2,True,False,0.0
2025-10-12,Burkina Faso,Ethiopia,3,1,3,0,team1,team1,True,False,1.0
2025-10-12,Djibouti,Sierra Leone,1,2,0,3,team2,team2,True,False,2.0
2025-10-12,Egypt,Guinea-Bissau,1,0,5,0,team1,team1,True,False,4.0
2025-10-12,Zambia,Niger,0,1,2,1,team1,team2,False,False,2.0
2025-10-12,Chad,Central African Republic,2,3,1,2,team2,team2,True,False,0.0
2025-10-12,Ghana,Comoros,1,0,2,0,team1,team1,True,False,1.0
2025-10-12,Mali,Madagascar,4,1,3,0,team1,team1,True,False,0.0
2025-10-12,Scotland,Belarus,2,1,2,0,team1,team1,True,False,1.0
2025-10-12,Denmark,Greece,3,1,2,1,team1,team1,True,False,1.0
2025-10-12,Netherlands,Finland,4,0,4,0,team1,team1,True,True,0.0
2025-10-12,Lithuania,Poland,0,2,0,4,team2,team2,True,False,2.0
2025-10-12,San Marino,Cyprus,0,4,0,3,team2,team2,True,False,1.0
2025-10-12,Romania,Austria,1,0,1,2,team2,team1,False,False,2.0
2025-10-12,Faroe Islands,Czech Republic,2,1,0,3,team2,team1,False,False,4.0
2025-10-12,Croatia,Gibraltar,3,0,14,0,team1,team1,True,False,11.0
2025-10-13,Montenegro,Liechtenstein,2,1,6,0,team1,team1,True,False,5.0
2025-10-13,Uzbekistan,Uruguay,1,2,1,2,team2,team2,True,True,0.0
2025-10-13,South Sudan,Togo,0,0,1,2,team2,draw,False,False,1.0
2025-10-13,Lesotho,Zimbabwe,1,0,1,2,team2,team1,False,False,2.0
2025-10-13,Cape Verde,Eswatini,3,0,4,0,team1,team1,True,False,1.0
2025-10-13,Cameroon,Angola,0,0,2,0,team1,draw,False,False,2.0
2025-10-13,Mauritius,Libya,0,0,0,3,team2,draw,False,False,3.0
2025-10-13,Equatorial Guinea,Liberia,1,1,2,1,team1,draw,False,False,1.0
2025-10-13,São Tomé and Príncipe,Malawi,1,0,0,3,team2,team1,False,False,4.0
2025-10-13,Tunisia,Namibia,3,0,3,0,team1,team1,True,True,0.0
2025-10-13,Northern Ireland,Germany,0,1,0,3,team2,team2,True,False,2.0
2025-10-13,Slovakia,Luxembourg,2,0,3,0,team1,team1,True,False,1.0
2025-10-13,Slovenia,Switzerland,0,0,1,2,team2,draw,False,False,1.0
2025-10-13,Sweden,Kosovo,0,1,2,1,team1,team2,False,False,2.0
2025-10-13,Iceland,France,2,2,0,5,team2,draw,False,False,5.0
2025-10-13,Ukraine,Azerbaijan,2,1,4,0,team1,team1,True,False,3.0
2025-10-13,Wales,Belgium,2,4,1,2,team2,team2,True,False,1.0
2025-10-13,North Macedonia,Kazakhstan,1,1,3,0,team1,draw,False,False,3.0
2025-10-13,Honduras,Haiti,3,0,1,1,draw,team1,False,False,3.0
2025-10-13,Costa Rica,Nicaragua,4,1,3,0,team1,team1,True,False,0.0
2025-10-14,Albania,Jordan,4,2,1,1,draw,team1,False,False,2.0
2025-10-14,Japan,Brazil,3,2,1,1,draw,team1,False,False,1.0
2025-10-14,Iran,Tanzania,2,0,5,0,team1,team1,True,False,3.0
2025-10-14,Canada,Colombia,0,0,1,2,team2,draw,False,False,1.0
2025-10-14,South Korea,Paraguay,2,0,2,1,team1,team1,True,False,1.0
2025-10-14,Mexico,Ecuador,1,1,2,1,team1,draw,False,False,1.0
2025-10-14,Norway,New Zealand,1,1,2,1,team1,draw,False,False,1.0
2025-10-14,Puerto Rico,Argentina,0,6,0,11,team2,team2,True,False,5.0
2025-10-14,Russia,Bolivia,3,0,3,0,team1,team1,True,True,0.0
2025-10-14,United States,Australia,2,1,1,1,draw,team1,False,False,1.0
2025-10-14,Qatar,United Arab Emirates,2,1,2,1,team1,team1,True,True,0.0
2025-10-14,Saudi Arabia,Iraq,0,0,1,1,draw,draw,True,False,0.0
2025-10-14,Senegal,Mauritania,4,0,5,0,team1,team1,True,False,1.0
2025-10-14,DR Congo,Sudan,1,0,4,0,team1,team1,True,False,3.0
2025-10-14,Nigeria,Benin,4,0,3,0,team1,team1,True,False,1.0
2025-10-14,South Africa,Rwanda,3,0,3,0,team1,team1,True,True,0.0
2025-10-14,Morocco,Congo,1,0,8,0,team1,team1,True,False,7.0
2025-10-14,Seychelles,Gambia,0,7,0,8,team2,team2,True,False,1.0
2025-10-14,Ivory Coast,Kenya,3,0,4,0,team1,team1,True,False,1.0
2025-10-14,Gabon,Burundi,2,0,2,1,team1,team1,True,False,1.0
2025-10-14,Algeria,Uganda,2,1,4,0,team1,team1,True,False,3.0
2025-10-14,Guinea,Botswana,2,2,2,0,team1,draw,False,False,2.0
2025-10-14,Somalia,Mozambique,0,1,0,5,team2,team2,True,False,4.0
2025-10-14,Spain,Bulgaria,4,0,8,0,team1,team1,True,False,4.0
2025-10-14,Turkey,Georgia,4,1,2,0,team1,team1,True,False,1.0
2025-10-14,Portugal,Hungary,2,2,3,0,team1,draw,False,False,3.0
2025-10-14,Republic of Ireland,Armenia,1,0,3,0,team1,team1,True,False,2.0
2025-10-14,Estonia,Moldova,1,1,2,1,team1,draw,False,False,1.0
2025-10-14,Italy,Israel,3,0,4,0,team1,team1,True,False,1.0
2025-10-14,Andorra,Serbia,1,3,0,6,team2,team2,True,False,4.0
2025-10-14,Latvia,England,0,5,0,8,team2,team2,True,False,3.0
2025-10-14,Maldives,Tajikistan,0,3,0,2,team2,team2,True,False,1.0
2025-10-14,Philippines,Timor-Leste,3,1,3,0,team1,team1,True,False,1.0
2025-10-14,Bhutan,Lebanon,0,4,0,4,team2,team2,True,True,0.0
2025-10-14,Yemen,Brunei,9,0,1,2,team2,team1,False,False,10.0
2025-10-14,India,Singapore,1,2,2,1,team1,team2,False,False,2.0
2025-10-14,Hong Kong,Bangladesh,1,1,5,0,team1,draw,False,False,5.0
2025-10-14,Taiwan,Thailand,1,6,1,1,draw,team2,False,False,5.0
2025-10-14,Turkmenistan,Sri Lanka,2,1,2,0,team1,team1,True,False,1.0
2025-10-14,Myanmar,Syria,0,3,0,3,team2,team2,True,True,0.0
2025-10-14,Afghanistan,Pakistan,1,1,2,1,team1,draw,False,False,1.0
2025-10-14,Vietnam,Nepal,1,0,3,0,team1,team1,True,False,2.0
2025-10-14,Malaysia,Laos,5,1,3,0,team1,team1,True,False,1.0
2025-10-14,Panama,Suriname,1,1,3,0,team1,draw,False,False,3.0
2025-10-14,El Salvador,Guatemala,0,1,1,1,draw,team2,False,False,1.0
2025-10-14,Curaçao,Trinidad and Tobago,1,1,2,1,team1,draw,False,False,1.0
2025-10-14,Jamaica,Bermuda,4,0,3,0,team1,team1,True,False,1.0
2025-11-12,Tunisia,Mauritania,1,1,3,0,team1,draw,False,False,3.0
2025-11-12,Russia,Peru,1,1,2,1,team1,draw,False,False,1.0
2025-11-12,Cuba,Saint Lucia,3,0,0,4,team2,team1,False,False,7.0
2025-11-12,Dominican Republic,Saint Vincent and the Grenadines,2,0,0,2,team2,team1,False,False,4.0
2025-11-12,Dominica,Saint Martin,1,2,0,6,team2,team2,True,False,5.0
2025-11-12,Saint Kitts and Nevis,Sint Maarten,0,0,1,1,draw,draw,True,False,0.0
2025-11-12,Barbados,Bonaire,3,2,0,5,team2,team1,False,False,6.0
2025-11-12,Antigua and Barbuda,Aruba,0,0,1,1,draw,draw,True,False,0.0
2025-11-12,Bahamas,Anguilla,1,2,1,1,draw,team2,False,False,1.0
2025-11-12,Cayman Islands,British Virgin Islands,1,2,2,1,team1,team2,False,False,2.0
2025-11-13,Algeria,Zimbabwe,3,1,4,0,team1,team1,True,False,2.0
2025-11-13,Bangladesh,Nepal,2,2,1,1,draw,draw,True,False,0.0
2025-11-13,Canada,Ecuador,0,0,1,1,draw,draw,True,False,0.0
2025-11-13,Czech Republic,San Marino,1,0,12,0,team1,team1,True,False,11.0
2025-11-13,Hong Kong,Cambodia,1,1,5,0,team1,draw,False,False,5.0
2025-11-13,Lithuania,Israel,0,0,0,3,team2,draw,False,False,3.0
2025-11-13,North Macedonia,Latvia,0,0,3,0,team1,draw,False,False,3.0
2025-11-13,Thailand,Singapore,3,2,3,0,team1,team1,True,False,2.0
2025-11-13,United Arab Emirates,Iraq,1,1,1,1,draw,draw,True,True,0.0
2025-11-13,Cameroon,DR Congo,0,1,1,1,draw,team2,False,False,1.0
2025-11-13,Nigeria,Gabon,4,1,3,0,team1,team1,True,False,0.0
2025-11-13,France,Ukraine,4,0,4,0,team1,team1,True,True,0.0
2025-11-13,Azerbaijan,Iceland,0,2,1,2,team2,team2,True,False,1.0
2025-11-13,Republic of Ireland,Portugal,2,0,0,3,team2,team1,False,False,5.0
2025-11-13,Armenia,Hungary,0,1,0,3,team2,team2,True,False,2.0
2025-11-13,Norway,Estonia,4,1,4,0,team1,team1,True,False,1.0
2025-11-13,Moldova,Italy,0,2,0,7,team2,team2,True,False,5.0
2025-11-13,England,Serbia,2,0,3,0,team1,team1,True,False,1.0
2025-11-13,Andorra,Albania,0,1,0,4,team2,team2,True,False,3.0
2025-11-13,Iran,Cape Verde,0,0,3,0,team1,draw,False,False,3.0
2025-11-13,Papua New Guinea,Solomon Islands,1,0,1,2,team2,team1,False,False,2.0
2025-11-13,Suriname,El Salvador,4,0,1,1,draw,team1,False,False,4.0
2025-11-13,Guatemala,Panama,2,3,0,2,team2,team2,True,False,1.0
2025-11-13,Bermuda,Curaçao,0,7,0,3,team2,team2,True,False,4.0
2025-11-13,Trinidad and Tobago,Jamaica,1,1,1,2,team2,draw,False,False,1.0
2025-11-13,Haiti,Costa Rica,1,0,1,2,team2,team1,False,False,2.0
2025-11-13,Nicaragua,Honduras,2,0,1,2,team2,team1,False,False,3.0
2025-11-14,Angola,Argentina,0,2,0,6,team2,team2,True,False,4.0
2025-11-14,Australia,Venezuela,0,1,2,1,team1,team2,False,False,2.0
2025-11-14,South Korea,Bolivia,2,0,3,0,team1,team1,True,False,1.0
2025-11-14,Morocco,Mozambique,1,0,6,0,team1,team1,True,False,5.0
2025-11-14,Oman,Sudan,2,0,2,0,team1,team1,True,True,0.0
2025-11-14,Comoros,Namibia,1,0,1,1,draw,team1,False,False,1.0
2025-11-14,Uganda,Chad,2,1,3,0,team1,team1,True,False,2.0
2025-11-14,Burkina Faso,Niger,3,2,3,0,team1,team1,True,False,2.0
2025-11-14,Japan,Ghana,2,0,3,0,team1,team1,True,False,1.0
2025-11-14,Saudi Arabia,Ivory Coast,1,0,1,2,team2,team1,False,False,2.0
2025-11-14,Tunisia,Jordan,3,2,2,1,team1,team1,True,False,0.0
2025-11-14,Luxembourg,Germany,0,2,0,5,team2,team2,True,False,3.0
2025-11-14,Slovakia,Northern Ireland,1,0,2,1,team1,team1,True,False,0.0
2025-11-14,Finland,Malta,0,1,3,0,team1,team2,False,False,4.0
2025-11-14,Poland,Netherlands,1,1,0,2,team2,draw,False,False,2.0
2025-11-14,Croatia,Faroe Islands,3,1,7,0,team1,team1,True,False,5.0
2025-11-14,Gibraltar,Montenegro,1,2,0,4,team2,team2,True,False,3.0
2025-11-14,Uzbekistan,Egypt,2,0,1,2,team2,team1,False,False,3.0
2025-11-15,Russia,Chile,0,2,2,1,team1,team2,False,False,3.0
2025-11-15,Libya,Mauritania,1,0,1,1,draw,team1,False,False,1.0
2025-11-15,Kuwait,Tanzania,4,3,1,2,team2,team1,False,False,2.0
2025-11-15,Lesotho,Malawi,0,0,1,2,team2,draw,False,False,1.0
2025-11-15,Guinea,Liberia,2,0,2,0,team1,team1,True,True,0.0
2025-11-15,Brazil,Senegal,2,0,2,1,team1,team1,True,False,1.0
2025-11-15,Colombia,New Zealand,2,1,3,0,team1,team1,True,False,2.0
2025-11-15,Mexico,Uruguay,0,0,1,1,draw,draw,True,False,0.0
2025-11-15,South Africa,Zambia,3,1,2,1,team1,team1,True,False,1.0
2025-11-15,United States,Paraguay,2,1,2,1,team1,team1,True,True,0.0
2025-11-15,Slovenia,Kosovo,0,2,2,1,team1,team2,False,False,3.0
2025-11-15,Switzerland,Sweden,4,1,2,1,team1,team1,True,False,2.0
2025-11-15,Denmark,Belarus,2,2,4,0,team1,draw,False,False,4.0
2025-11-15,Greece,Scotland,3,2,2,1,team1,team1,True,False,0.0
2025-11-15,Turkey,Bulgaria,2,0,3,0,team1,team1,True,False,1.0
2025-11-15,Georgia,Spain,0,4,0,4,team2,team2,True,True,0.0
2025-11-15,Cyprus,Austria,0,2,0,5,team2,team2,True,False,3.0
2025-11-15,Bosnia and Herzegovina,Romania,3,1,1,2,team2,team1,False,False,3.0
2025-11-15,Liechtenstein,Wales,0,1,0,9,team2,team2,True,False,8.0
2025-11-15,Kazakhstan,Belgium,1,1,0,6,team2,draw,False,False,6.0
2025-11-15,Martinique,Cuba,0,2,3,0,team1,team2,False,False,5.0
2025-11-15,Saint Vincent and the Grenadines,Saint Lucia,3,1,1,1,draw,team1,False,False,2.0
2025-11-15,Dominica,Sint Maarten,2,3,0,4,team2,team2,True,False,3.0
2025-11-15,Saint Martin,Belize,0,1,5,0,team1,team2,False,False,6.0
2025-11-15,Barbados,Aruba,0,3,1,1,draw,team2,False,False,3.0
2025-11-15,Guyana,Bonaire,2,1,0,3,team2,team1,False,False,4.0
2025-11-15,Bahamas,British Virgin Islands,0,6,1,1,draw,team2,False,False,6.0
2025-11-15,Cayman Islands,Anguilla,4,0,2,1,team1,team1,True,False,3.0
2025-11-15,Basque Country,Palestine,3,0,3,0,team1,team1,True,True,0.0
2025-11-16,Nigeria,DR Congo,1,1,2,1,team1,draw,False,False,1.0
2025-11-16,Ukraine,Iceland,2,0,2,1,team1,team1,True,False,1.0
2025-11-16,Azerbaijan,France,1,3,0,9,team2,team2,True,False,7.0
2025-11-16,Portugal,Armenia,9,1,8,0,team1,team1,True,False,0.0
2025-11-16,Hungary,Republic of Ireland,2,3,2,1,team1,team2,False,False,2.0
2025-11-16,Moldova,Israel,1,4,0,3,team2,team2,True,False,0.0
2025-11-16,Italy,Norway,1,4,2,1,team1,team2,False,False,4.0
2025-11-16,Albania,England,0,2,0,4,team2,team2,True,False,2.0
2025-11-16,Serbia,Latvia,2,1,4,0,team1,team1,True,False,3.0
2025-11-17,Comoros,Namibia,4,0,1,1,draw,team1,False,False,4.0
2025-11-17,Mozambique,Chad,2,2,3,0,team1,draw,False,False,3.0
2025-11-17,Madagascar,Equatorial Guinea,2,0,1,1,draw,team1,False,False,2.0
2025-11-17,Finland,Andorra,4,0,4,0,team1,team1,True,True,0.0
2025-11-17,Qatar,Zimbabwe,1,2,3,0,team1,team2,False,False,4.0
2025-11-17,Bahrain,Somalia,1,2,6,0,team1,team2,False,False,7.0
2025-11-17,Northern Ireland,Luxembourg,1,0,2,1,team1,team1,True,False,0.0
2025-11-17,Germany,Slovakia,6,0,3,0,team1,team1,True,False,3.0
2025-11-17,Malta,Poland,2,3,0,5,team2,team2,True,False,4.0
2025-11-17,Netherlands,Lithuania,4,0,9,0,team1,team1,True,False,5.0
2025-11-17,Czech Republic,Gibraltar,6,0,8,0,team1,team1,True,False,2.0
2025-11-17,Montenegro,Croatia,2,3,0,4,team2,team2,True,False,3.0
2025-11-17,Cape Verde,Egypt,1,1,1,2,team2,draw,False,False,1.0
2025-11-17,Vanuatu,Fiji,2,0,1,2,team2,team1,False,False,3.0
2025-11-18,Angola,Zambia,3,2,1,1,draw,team1,False,False,1.0
2025-11-18,Morocco,Uganda,4,0,5,0,team1,team1,True,False,1.0
2025-11-18,Oman,Ivory Coast,0,2,0,2,team2,team2,True,True,0.0
2025-11-18,Saudi Arabia,Algeria,0,2,1,2,team2,team2,True,False,1.0
2025-11-18,Guinea,Niger,1,1,2,1,team1,draw,False,False,1.0
2025-11-18,Kenya,Senegal,0,8,0,5,team2,team2,True,False,3.0
2025-11-18,Benin,Burkina Faso,0,3,1,2,team2,team2,True,False,2.0
2025-11-18,Japan,Bolivia,3,0,4,0,team1,team1,True,False,1.0
2025-11-18,Mali,Jordan,3,2,2,1,team1,team1,True,False,0.0
2025-11-18,Kuwait,Gambia,2,2,0,3,team2,draw,False,False,3.0
2025-11-18,Lesotho,Malawi,0,1,1,2,team2,team2,True,False,0.0
2025-11-18,Maldives,Philippines,0,2,1,2,team2,team2,True,False,1.0
2025-11-18,Timor-Leste,Tajikistan,0,5,0,4,team2,team2,True,False,1.0
2025-11-18,Yemen,Bhutan,7,1,3,0,team1,team1,True,False,3.0
2025-11-18,Brunei,Lebanon,0,3,1,1,draw,team2,False,False,3.0
2025-11-18,Bangladesh,India,1,0,1,2,team2,team1,False,False,2.0
2025-11-18,Hong Kong,Singapore,1,2,3,0,team1,team2,False,False,4.0
2025-11-18,Sri Lanka,Thailand,0,4,0,4,team2,team2,True,True,0.0
2025-11-18,Turkmenistan,Taiwan,3,1,0,2,team2,team1,False,False,4.0
2025-11-18,Pakistan,Syria,0,5,0,5,team2,team2,True,True,0.0
2025-11-18,Malaysia,Nepal,1,0,3,0,team1,team1,True,False,2.0
2025-11-18,Brazil,Tunisia,1,1,3,0,team1,draw,False,False,3.0
2025-11-18,Canada,Venezuela,2,0,2,1,team1,team1,True,False,1.0
2025-11-18,Chile,Peru,2,1,1,1,draw,team1,False,False,1.0
2025-11-18,Colombia,Australia,3,0,2,1,team1,team1,True,False,2.0
2025-11-18,Cyprus,Estonia,2,4,1,1,draw,team2,False,False,2.0
2025-11-18,Ecuador,New Zealand,2,0,2,1,team1,team1,True,False,1.0
2025-11-18,Faroe Islands,Kazakhstan,1,0,1,1,draw,team1,False,False,1.0
2025-11-18,South Korea,Ghana,1,0,3,0,team1,team1,True,False,2.0
2025-11-18,Mexico,Paraguay,1,2,2,1,team1,team2,False,False,2.0
2025-11-18,United States,Uruguay,5,1,1,2,team2,team1,False,False,5.0
2025-11-18,Iraq,United Arab Emirates,2,1,2,1,team1,team1,True,True,0.0
2025-11-18,Kosovo,Switzerland,1,1,0,3,team2,draw,False,False,3.0
2025-11-18,Sweden,Slovenia,1,1,2,1,team1,draw,False,False,1.0
2025-11-18,Scotland,Denmark,4,2,1,2,team2,team1,False,False,3.0
2025-11-18,Belarus,Greece,0,0,0,3,team2,draw,False,False,3.0
2025-11-18,Spain,Turkey,2,2,3,0,team1,draw,False,False,3.0
2025-11-18,Bulgaria,Georgia,2,1,1,2,team2,team1,False,False,2.0
2025-11-18,Austria,Bosnia and Herzegovina,1,1,3,0,team1,draw,False,False,3.0
2025-11-18,Romania,San Marino,7,1,11,0,team1,team1,True,False,5.0
2025-11-18,Wales,North Macedonia,7,1,2,1,team1,team1,True,False,5.0
2025-11-18,Belgium,Liechtenstein,7,0,19,0,team1,team1,True,False,12.0
2025-11-18,Dominican Republic,Martinique,0,0,1,2,team2,draw,False,False,1.0
2025-11-18,Saint Kitts and Nevis,Belize,2,6,4,0,team1,team2,False,False,8.0
2025-11-18,Antigua and Barbuda,Guyana,1,4,0,2,team2,team2,True,False,1.0
2025-11-18,Iran,Uzbekistan,0,0,2,1,team1,draw,False,False,1.0
2025-11-18,Guatemala,Suriname,3,1,2,1,team1,team1,True,False,1.0
2025-11-18,Panama,El Salvador,3,0,3,0,team1,team1,True,True,0.0
2025-11-18,Jamaica,Curaçao,0,0,1,1,draw,draw,True,False,0.0
2025-11-18,Trinidad and Tobago,Bermuda,2,2,2,1,team1,draw,False,False,1.0
2025-11-18,Costa Rica,Honduras,0,0,2,1,team1,draw,False,False,1.0
2025-11-18,Haiti,Nicaragua,2,0,2,1,team1,team1,True,False,1.0
2025-11-19,Laos,Vietnam,0,2,0,4,team2,team2,True,False,2.0
2025-11-20,Vanuatu,Solomon Islands,2,1,1,2,team2,team1,False,False,2.0
2025-11-20,Papua New Guinea,Fiji,2,0,1,2,team2,team1,False,False,3.0
2025-11-23,Papua New Guinea,Vanuatu,2,2,1,1,draw,draw,True,False,0.0
2025-11-25,Mauritania,Kuwait,0,2,2,1,team1,team2,False,False,3.0
2025-11-25,Syria,South Sudan,2,0,3,0,team1,team1,True,False,1.0
2025-11-25,Palestine,Libya,0,0,2,1,team1,draw,False,False,1.0
2025-11-26,Oman,Somalia,0,0,6,0,team1,draw,False,False,6.0
2025-11-26,Bahrain,Djibouti,1,0,4,0,team1,team1,True,False,3.0
2025-11-26,Sudan,Lebanon,2,1,1,1,draw,team1,False,False,1.0
2025-11-26,Comoros,Yemen,4,4,2,1,team1,draw,False,False,1.0
2025-12-01,Tunisia,Syria,0,1,2,0,team1,team2,False,False,3.0
2025-12-01,Qatar,Palestine,0,1,2,0,team1,team2,False,False,3.0
2025-12-02,Morocco,Comoros,3,1,6,0,team1,team1,True,False,4.0
2025-12-02,Saudi Arabia,Oman,2,1,2,1,team1,team1,True,True,0.0
2025-12-02,Egypt,Kuwait,1,1,4,0,team1,draw,False,False,4.0
2025-12-03,Jordan,United Arab Emirates,2,1,1,1,draw,team1,False,False,1.0
2025-12-03,Algeria,Sudan,0,0,4,0,team1,draw,False,False,4.0
2025-12-03,Iraq,Bahrain,2,1,2,1,team1,team1,True,True,0.0
2025-12-04,Palestine,Tunisia,2,2,0,2,team2,draw,False,False,2.0
2025-12-04,Qatar,Syria,1,1,2,1,team1,draw,False,False,1.0
2025-12-05,Oman,Morocco,0,0,0,4,team2,draw,False,False,4.0
2025-12-05,Comoros,Saudi Arabia,1,3,0,3,team2,team2,True,False,1.0
2025-12-06,Kuwait,Jordan,1,3,0,3,team2,team2,True,False,1.0
2025-12-06,United Arab Emirates,Egypt,1,1,1,2,team2,draw,False,False,1.0
2025-12-06,Bahrain,Algeria,1,5,0,3,team2,team2,True,False,1.0
2025-12-06,Sudan,Iraq,0,2,0,3,team2,team2,True,False,1.0
2025-12-07,Qatar,Tunisia,0,3,1,1,draw,team2,False,False,3.0
2025-12-07,Syria,Palestine,0,0,1,1,draw,draw,True,False,0.0
2025-12-08,Morocco,Saudi Arabia,1,0,3,0,team1,team1,True,False,2.0
2025-12-08,Oman,Comoros,2,1,2,1,team1,team1,True,True,0.0
2025-12-09,Egypt,Jordan,0,3,2,1,team1,team2,False,False,4.0
2025-12-09,United Arab Emirates,Kuwait,3,1,3,0,team1,team1,True,False,1.0
2025-12-09,Algeria,Iraq,2,0,2,1,team1,team1,True,False,1.0
2025-12-09,Bahrain,Sudan,3,1,2,1,team1,team1,True,False,1.0
2025-12-11,Morocco,Syria,1,0,5,0,team1,team1,True,False,4.0
2025-12-11,Palestine,Saudi Arabia,1,2,1,2,team2,team2,True,True,0.0
2025-12-12,Jordan,Iraq,1,0,1,1,draw,team1,False,False,1.0
2025-12-12,Algeria,United Arab Emirates,1,1,2,0,team1,draw,False,False,2.0
2025-12-15,Morocco,United Arab Emirates,3,0,3,0,team1,team1,True,True,0.0
2025-12-15,Saudi Arabia,Jordan,0,1,1,1,draw,team2,False,False,1.0
2025-12-18,Jordan,Morocco,2,3,0,3,team2,team2,True,False,2.0
2025-12-21,Morocco,Comoros,2,0,6,0,team1,team1,True,False,4.0
2025-12-22,Mali,Zambia,1,1,2,1,team1,draw,False,False,1.0
2025-12-22,South Africa,Angola,2,1,2,1,team1,team1,True,True,0.0
2025-12-22,Egypt,Zimbabwe,2,1,4,0,team1,team1,True,False,3.0
2025-12-23,Nigeria,Tanzania,2,1,4,0,team1,team1,True,False,3.0
2025-12-23,Tunisia,Uganda,3,1,2,0,team1,team1,True,False,0.0
2025-12-23,DR Congo,Benin,1,0,2,0,team1,team1,True,False,1.0
2025-12-23,Senegal,Botswana,3,0,6,0,team1,team1,True,False,3.0
2025-12-24,Burkina Faso,Equatorial Guinea,2,1,2,0,team1,team1,True,False,1.0
2025-12-24,Algeria,Sudan,3,0,4,0,team1,team1,True,False,1.0
2025-12-24,Ivory Coast,Mozambique,1,0,3,0,team1,team1,True,False,2.0
2025-12-24,Cameroon,Gabon,1,0,2,1,team1,team1,True,False,0.0
2025-12-26,Zambia,Comoros,0,0,2,1,team1,draw,False,False,1.0
2025-12-26,Morocco,Mali,1,1,3,0,team1,draw,False,False,3.0
2025-12-26,Angola,Zimbabwe,1,1,2,1,team1,draw,False,False,1.0
2025-12-26,Egypt,South Africa,1,0,2,1,team1,team1,True,False,0.0
2025-12-27,Uganda,Tanzania,1,1,2,1,team1,draw,False,False,1.0
2025-12-27,Nigeria,Tunisia,3,2,2,1,team1,team1,True,False,0.0
2025-12-27,Benin,Botswana,1,0,2,1,team1,team1,True,False,0.0
2025-12-27,Senegal,DR Congo,1,1,2,1,team1,draw,False,False,1.0
2025-12-28,Equatorial Guinea,Sudan,0,1,2,1,team1,team2,False,False,2.0
2025-12-28,Algeria,Burkina Faso,1,0,2,1,team1,team1,True,False,0.0
2025-12-28,Gabon,Mozambique,2,3,2,1,team1,team2,False,False,2.0
2025-12-28,Ivory Coast,Cameroon,1,1,2,1,team1,draw,False,False,1.0
2025-12-29,Morocco,Zambia,3,0,5,0,team1,team1,True,False,2.0
2025-12-29,Comoros,Mali,0,0,0,3,team2,draw,False,False,3.0
2025-12-29,Angola,Egypt,0,0,0,3,team2,draw,False,False,3.0
2025-12-29,Zimbabwe,South Africa,2,3,0,3,team2,team2,True,False,2.0
2025-12-30,Uganda,Nigeria,1,3,0,3,team2,team2,True,False,1.0
2025-12-30,Tanzania,Tunisia,1,1,0,3,team2,draw,False,False,3.0
2025-12-30,Benin,Senegal,0,3,0,4,team2,team2,True,False,1.0
2025-12-30,Botswana,DR Congo,0,3,0,4,team2,team2,True,False,1.0
2025-12-31,Equatorial Guinea,Algeria,1,3,0,4,team2,team2,True,False,2.0
2025-12-31,Sudan,Burkina Faso,0,2,0,3,team2,team2,True,False,1.0
2025-12-31,Gabon,Ivory Coast,2,3,0,3,team2,team2,True,False,2.0
2025-12-31,Mozambique,Cameroon,1,2,0,3,team2,team2,True,False,2.0
2026-01-03,Senegal,Sudan,3,1,5,0,team1,team1,True,False,3.0
2026-01-03,Mali,Tunisia,1,1,1,1,draw,draw,True,True,0.0
2026-01-04,Morocco,Tanzania,1,0,6,0,team1,team1,True,False,5.0
2026-01-04,South Africa,Cameroon,1,2,1,1,draw,team2,False,False,1.0
2026-01-05,Egypt,Benin,3,1,3,0,team1,team1,True,False,1.0
2026-01-05,Nigeria,Mozambique,4,0,3,0,team1,team1,True,False,1.0
2026-01-06,Algeria,DR Congo,1,0,2,1,team1,team1,True,False,0.0
2026-01-06,Ivory Coast,Burkina Faso,3,0,2,1,team1,team1,True,False,2.0
2026-01-09,Mali,Senegal,0,1,1,2,team2,team2,True,False,0.0
2026-01-09,Morocco,Cameroon,2,0,3,0,team1,team1,True,False,1.0
2026-01-10,Algeria,Nigeria,0,2,1,1,draw,team2,False,False,2.0
2026-01-10,Egypt,Ivory Coast,3,2,1,1,draw,team1,False,False,1.0
2026-01-14,Senegal,Egypt,1,0,2,1,team1,team1,True,False,0.0
2026-01-14,Morocco,Nigeria,0,0,2,0,team1,draw,False,False,2.0
2026-01-17,Egypt,Nigeria,0,0,1,1,draw,draw,True,False,0.0
2026-01-18,Morocco,Senegal,3,0,2,1,team1,team1,True,False,2.0
2026-01-18,Bolivia,Panama,1,1,0,2,team2,draw,False,False,2.0
2026-01-18,Grenada,Jamaica,0,1,0,3,team2,team2,True,False,2.0
2026-01-22,Panama,Mexico,0,1,1,2,team2,team2,True,False,0.0
2026-01-25,Bolivia,Mexico,0,1,0,3,team2,team2,True,False,2.0
2026-01-26,Uzbekistan,China,2,2,2,1,team1,draw,False,False,1.0
2026-02-25,Mexico,Iceland,4,0,3,0,team1,team1,True,False,1.0
2026-03-15,Bolivia,Trinidad and Tobago,3,0,2,1,team1,team1,True,False,2.0
2026-03-25,Bermuda,DR Congo,0,2,0,4,team2,team2,True,False,2.0
2026-03-25,Equatorial Guinea,Kyrgyzstan,1,0,0,3,team2,team1,False,False,4.0
2026-03-25,Kazakhstan,Namibia,2,0,1,1,draw,team1,False,False,2.0
2026-03-25,United States Virgin Islands,American Samoa,5,2,14,0,team1,team1,True,False,11.0
2026-03-25,Puerto Rico,Guam,4,0,3,0,team1,team1,True,False,1.0
2026-03-26,Brazil,France,1,2,1,2,team2,team2,True,True,0.0
2026-03-26,Colombia,Croatia,1,2,1,1,draw,team2,False,False,1.0
2026-03-26,Cyprus,Belarus,0,1,1,2,team2,team2,True,False,0.0
2026-03-26,Georgia,Israel,2,2,2,1,team1,draw,False,False,1.0
2026-03-26,Moldova,Lithuania,0,2,1,1,draw,team2,False,False,2.0
2026-03-26,Vietnam,Bangladesh,3,0,3,0,team1,team1,True,True,0.0
2026-03-26,New Caledonia,Jamaica,0,1,0,2,team2,team2,True,False,1.0
2026-03-26,Bolivia,Suriname,2,1,1,1,draw,team1,False,False,1.0
2026-03-26,Italy,Northern Ireland,2,0,3,0,team1,team1,True,False,1.0
2026-03-26,Wales,Bosnia and Herzegovina,1,1,2,1,team1,draw,False,False,1.0
2026-03-26,Poland,Albania,2,1,2,1,team1,team1,True,True,0.0
2026-03-26,Ukraine,Sweden,1,3,1,1,draw,team2,False,False,2.0
2026-03-26,Slovakia,Kosovo,3,4,2,1,team1,team2,False,False,2.0
2026-03-26,Turkey,Romania,1,0,2,1,team1,team1,True,False,0.0
2026-03-26,Czech Republic,Republic of Ireland,2,2,2,1,team1,draw,False,False,1.0
2026-03-26,Denmark,North Macedonia,4,0,3,0,team1,team1,True,False,1.0
2026-03-26,Aruba,Macau,4,1,2,1,team1,team1,True,False,2.0
2026-03-26,Tanzania,Liechtenstein,0,1,4,0,team1,team2,False,False,5.0
2026-03-26,Martinique,Cuba,2,2,3,0,team1,draw,False,False,3.0
2026-03-26,Dominican Republic,El Salvador,2,2,1,1,draw,draw,True,False,0.0
2026-03-26,Saint Martin,Barbados,3,1,7,0,team1,team1,True,False,5.0
2026-03-26,Bonaire,Saint Vincent and the Grenadines,3,1,1,1,draw,team1,False,False,2.0
2026-03-26,Bahamas,Anguilla,1,3,1,1,draw,team2,False,False,2.0
2026-03-26,Cayman Islands,British Virgin Islands,1,1,2,1,team1,draw,False,False,1.0
2026-03-27,Algeria,Guatemala,7,0,3,0,team1,team1,True,False,4.0
2026-03-27,Argentina,Mauritania,2,1,9,0,team1,team1,True,False,8.0
2026-03-27,Austria,Ghana,5,1,3,0,team1,team1,True,False,1.0
2026-03-27,England,Uruguay,1,1,2,1,team1,draw,False,False,1.0
2026-03-27,Greece,Paraguay,0,1,2,1,team1,team2,False,False,2.0
2026-03-27,Guinea,Togo,2,2,2,1,team1,draw,False,False,1.0
2026-03-27,Liberia,Benin,0,1,1,2,team2,team2,True,False,0.0
2026-03-27,Libya,Niger,0,0,1,1,draw,draw,True,False,0.0
2026-03-27,Montenegro,Andorra,2,0,4,0,team1,team1,True,False,2.0
2026-03-27,Morocco,Ecuador,1,1,2,1,team1,draw,False,False,1.0
2026-03-27,Netherlands,Norway,2,1,2,0,team1,team1,True,False,1.0
2026-03-27,Saudi Arabia,Egypt,0,4,1,2,team2,team2,True,False,3.0
2026-03-27,South Africa,Panama,1,1,1,1,draw,draw,True,True,0.0
2026-03-27,Spain,Serbia,3,0,4,0,team1,team1,True,False,1.0
2026-03-27,Russia,Nicaragua,3,1,4,0,team1,team1,True,False,2.0
2026-03-27,Switzerland,Germany,3,4,1,2,team2,team2,True,False,0.0
2026-03-27,Costa Rica,Jordan,2,2,1,1,draw,draw,True,False,0.0
2026-03-27,Iran,Nigeria,1,2,2,1,team1,team2,False,False,2.0
2026-03-27,China,Curaçao,2,0,2,1,team1,team1,True,False,1.0
2026-03-27,Australia,Cameroon,1,0,2,1,team1,team1,True,False,0.0
2026-03-27,Azerbaijan,Saint Lucia,6,1,0,3,team2,team1,False,False,8.0
2026-03-27,Solomon Islands,Bulgaria,2,10,1,2,team2,team2,True,False,7.0
2026-03-27,Indonesia,Saint Kitts and Nevis,4,0,1,2,team2,team1,False,False,5.0
2026-03-27,Chile,Cape Verde,4,2,2,1,team1,team1,True,False,1.0
2026-03-27,New Zealand,Finland,0,2,2,1,team1,team2,False,False,3.0
2026-03-27,Kenya,Estonia,1,1,2,1,team1,draw,False,False,1.0
2026-03-27,Rwanda,Grenada,4,0,2,1,team1,team1,True,False,3.0
2026-03-27,Venezuela,Trinidad and Tobago,4,1,2,0,team1,team1,True,False,1.0
2026-03-27,Uzbekistan,Gabon,3,1,2,0,team1,team1,True,False,0.0
2026-03-27,Guyana,Dominica,2,0,2,0,team1,team1,True,True,0.0
2026-03-27,Belize,Sint Maarten,2,3,0,4,team2,team2,True,False,3.0
2026-03-28,Burkina Faso,Guinea-Bissau,5,0,3,0,team1,team1,True,False,2.0
2026-03-28,Canada,Iceland,2,2,3,0,team1,draw,False,False,3.0
2026-03-28,Haiti,Tunisia,0,1,1,2,team2,team2,True,False,0.0
2026-03-28,Hungary,Slovenia,1,0,2,1,team1,team1,True,False,0.0
2026-03-28,Ivory Coast,South Korea,4,0,1,2,team2,team1,False,False,5.0
2026-03-28,Mexico,Portugal,0,0,1,2,team2,draw,False,False,1.0
2026-03-28,San Marino,Faroe Islands,1,2,0,3,team2,team2,True,False,2.0
2026-03-28,Scotland,Japan,0,1,0,2,team2,team2,True,False,1.0
2026-03-28,Senegal,Peru,2,0,2,0,team1,team1,True,True,0.0
2026-03-28,United States,Belgium,2,5,1,2,team2,team2,True,False,2.0
2026-03-28,Kyrgyzstan,Madagascar,2,5,3,0,team1,team2,False,False,6.0
2026-03-28,Botswana,Zimbabwe,0,3,1,1,draw,team2,False,False,3.0
2026-03-28,Namibia,Comoros,0,0,1,1,draw,draw,True,False,0.0
2026-03-28,American Samoa,Guam,0,6,0,4,team2,team2,True,False,2.0
2026-03-28,Puerto Rico,United States Virgin Islands,2,0,1,2,team2,team1,False,False,3.0
2026-03-29,Armenia,Belarus,1,2,1,2,team2,team2,True,True,0.0
2026-03-29,Colombia,France,1,3,1,2,team2,team2,True,False,1.0
2026-03-29,Lithuania,Georgia,0,2,0,3,team2,team2,True,False,1.0
2026-03-29,Macau,Tanzania,0,6,0,4,team2,team2,True,False,2.0
2026-03-29,Aruba,Liechtenstein,4,1,2,1,team1,team1,True,False,2.0
2026-03-29,Martinique,El Salvador,0,1,2,1,team1,team2,False,False,2.0
2026-03-29,Dominican Republic,Cuba,1,1,2,1,team1,draw,False,False,1.0
2026-03-29,Barbados,Saint Vincent and the Grenadines,2,3,0,6,team2,team2,True,False,5.0
2026-03-29,Bonaire,Saint Martin,0,3,1,2,team2,team2,True,False,2.0
2026-03-29,British Virgin Islands,Anguilla,4,0,1,1,draw,team1,False,False,4.0
2026-03-29,Cayman Islands,Bahamas,1,0,2,1,team1,team1,True,False,0.0
2026-03-30,Cyprus,Moldova,3,2,2,1,team1,team1,True,False,0.0
2026-03-30,Germany,Ghana,2,1,4,0,team1,team1,True,False,3.0
2026-03-30,Azerbaijan,Sierra Leone,1,1,1,1,draw,draw,True,True,0.0
2026-03-30,Saint Kitts and Nevis,Solomon Islands,4,2,3,0,team1,team1,True,False,1.0
2026-03-30,Indonesia,Bulgaria,0,1,1,1,draw,team2,False,False,1.0
2026-03-30,Cape Verde,Finland,1,1,1,1,draw,draw,True,True,0.0
2026-03-30,New Zealand,Chile,4,1,1,1,draw,team1,False,False,3.0
2026-03-30,Grenada,Kenya,0,3,0,2,team2,team2,True,False,1.0
2026-03-30,Rwanda,Estonia,2,0,1,1,draw,team1,False,False,2.0
2026-03-30,Gabon,Trinidad and Tobago,2,2,2,1,team1,draw,False,False,1.0
2026-03-30,Uzbekistan,Venezuela,0,0,2,1,team1,draw,False,False,1.0
2026-03-30,Guyana,Belize,3,1,2,1,team1,team1,True,False,1.0
2026-03-30,Dominica,Sint Maarten,0,0,0,4,team2,draw,False,False,4.0
2026-03-31,Algeria,Uruguay,0,0,1,2,team2,draw,False,False,1.0
2026-03-31,Argentina,Zambia,5,0,7,0,team1,team1,True,False,2.0
2026-03-31,Austria,South Korea,1,0,1,1,draw,team1,False,False,1.0
2026-03-31,Benin,Guinea,1,0,1,1,draw,team1,False,False,1.0
2026-03-31,Brazil,Croatia,3,1,2,1,team1,team1,True,False,1.0
2026-03-31,Burkina Faso,Guinea-Bissau,1,1,3,0,team1,draw,False,False,3.0
2026-03-31,Canada,Tunisia,0,0,2,1,team1,draw,False,False,1.0
2026-03-31,Costa Rica,Iran,0,5,0,2,team2,team2,True,False,3.0
2026-03-31,England,Japan,0,1,2,1,team1,team2,False,False,2.0
2026-03-31,Equatorial Guinea,Madagascar,1,1,1,1,draw,draw,True,True,0.0
2026-03-31,Haiti,Iceland,1,1,1,1,draw,draw,True,True,0.0
2026-03-31,Hungary,Greece,0,0,1,1,draw,draw,True,False,0.0
2026-03-31,Ivory Coast,Scotland,1,0,2,1,team1,team1,True,False,0.0
2026-03-31,Jordan,Nigeria,2,2,1,2,team2,draw,False,False,1.0
2026-03-31,Liberia,Libya,2,2,1,2,team2,draw,False,False,1.0
2026-03-31,Botswana,Malawi,1,0,1,1,draw,team1,False,False,1.0
2026-03-31,Mexico,Belgium,1,1,1,2,team2,draw,False,False,1.0
2026-03-31,Montenegro,Slovenia,2,3,1,2,team2,team2,True,False,0.0
2026-03-31,Morocco,Paraguay,2,1,3,0,team1,team1,True,False,2.0
2026-03-31,Netherlands,Ecuador,1,1,2,1,team1,draw,False,False,1.0
2026-03-31,Niger,Togo,0,1,1,1,draw,team2,False,False,1.0
2026-03-31,Norway,Switzerland,0,0,1,1,draw,draw,True,False,0.0
2026-03-31,Peru,Honduras,2,2,2,1,team1,draw,False,False,1.0
2026-03-31,Russia,Mali,0,0,2,1,team1,draw,False,False,1.0
2026-03-31,Republic of Ireland,North Macedonia,0,0,2,1,team1,draw,False,False,1.0
2026-03-31,San Marino,Andorra,0,0,1,2,team2,draw,False,False,1.0
2026-03-31,Senegal,Gambia,3,1,3,0,team1,team1,True,False,1.0
2026-03-31,Serbia,Saudi Arabia,2,1,2,1,team1,team1,True,True,0.0
2026-03-31,Slovakia,Romania,2,0,1,1,draw,team1,False,False,2.0
2026-03-31,South Africa,Panama,1,2,1,1,draw,team2,False,False,1.0
2026-03-31,Spain,Egypt,0,0,3,0,team1,draw,False,False,3.0
2026-03-31,Ukraine,Albania,1,0,2,1,team1,team1,True,False,0.0
2026-03-31,United States,Portugal,0,2,0,2,team2,team2,True,True,0.0
2026-03-31,Wales,Northern Ireland,1,1,2,1,team1,draw,False,False,1.0
2026-03-31,DR Congo,Jamaica,1,0,2,1,team1,team1,True,False,0.0
2026-03-31,Iraq,Bolivia,2,1,2,1,team1,team1,True,True,0.0
2026-03-31,Bosnia and Herzegovina,Italy,1,1,0,3,team2,draw,False,False,3.0
2026-03-31,Sweden,Poland,3,2,1,1,draw,team1,False,False,1.0
2026-03-31,Kosovo,Turkey,0,1,0,2,team2,team2,True,False,1.0
2026-03-31,Czech Republic,Denmark,2,2,1,2,team2,draw,False,False,1.0
2026-03-31,Cameroon,China,2,0,2,1,team1,team1,True,False,1.0
2026-03-31,Australia,Curaçao,5,1,3,0,team1,team1,True,False,1.0
2026-03-31,Kazakhstan,Comoros,1,0,1,1,draw,team1,False,False,1.0
2026-05-16,Republic of Ireland,Grenada,5,0,4,0,team1,team1,True,False,1.0
2026-05-22,Mexico,Ghana,2,0,3,0,team1,team1,True,False,1.0
2026-05-26,Morocco,Burundi,5,0,8,0,team1,team1,True,False,3.0
2026-05-26,Nigeria,Zimbabwe,2,0,4,0,team1,team1,True,False,2.0
2026-05-27,India,Jamaica,0,2,0,3,team2,team2,True,False,1.0
2026-05-28,Republic of Ireland,Qatar,1,0,1,1,draw,team1,False,False,1.0
2026-05-28,Egypt,Russia,1,0,1,1,draw,team1,False,False,1.0
2026-05-29,Andorra,Iraq,0,1,0,5,team2,team2,True,False,4.0
2026-05-29,Bosnia and Herzegovina,North Macedonia,0,0,1,1,draw,draw,True,False,0.0
2026-05-29,Iran,Gambia,3,1,2,0,team1,team1,True,False,0.0
2026-05-29,South Africa,Nicaragua,0,0,3,0,team1,draw,False,False,3.0
2026-05-30,Ecuador,Saudi Arabia,2,1,2,1,team1,team1,True,True,0.0
2026-05-30,South Korea,Trinidad and Tobago,5,0,4,0,team1,team1,True,False,1.0
2026-05-30,Mexico,Australia,1,0,2,1,team1,team1,True,False,0.0
2026-05-30,Scotland,Curaçao,4,1,2,1,team1,team1,True,False,2.0
2026-05-30,Zimbabwe,India,1,0,1,1,draw,team1,False,False,1.0
2026-05-30,Nigeria,Jamaica,3,0,2,0,team1,team1,True,False,1.0
2026-05-31,Brazil,Panama,6,2,3,0,team1,team1,True,False,1.0
2026-05-31,Cape Verde,Serbia,3,0,1,2,team2,team1,False,False,4.0
2026-05-31,Czech Republic,Kosovo,2,1,2,1,team1,team1,True,True,0.0
2026-05-31,Germany,Finland,4,0,4,0,team1,team1,True,True,0.0
2026-05-31,Poland,Ukraine,0,2,1,1,draw,team2,False,False,2.0
2026-05-31,Singapore,Mongolia,4,0,2,0,team1,team1,True,False,2.0
2026-05-31,Switzerland,Jordan,4,1,2,0,team1,team1,True,False,1.0
2026-05-31,United States,Senegal,3,2,1,2,team2,team1,False,False,2.0
2026-05-31,Japan,Iceland,1,0,4,0,team1,team1,True,False,3.0
2026-06-01,Austria,Tunisia,1,0,2,1,team1,team1,True,False,0.0
2026-06-01,Bulgaria,Montenegro,0,1,1,1,draw,team2,False,False,1.0
2026-06-01,Canada,Uzbekistan,2,0,2,1,team1,team1,True,False,1.0
2026-06-01,Colombia,Costa Rica,3,1,3,0,team1,team1,True,False,1.0
2026-06-01,Norway,Sweden,3,1,2,1,team1,team1,True,False,1.0
2026-06-01,Slovakia,Malta,2,1,5,0,team1,team1,True,False,4.0
2026-06-01,Turkey,North Macedonia,4,0,3,0,team1,team1,True,False,1.0
2026-06-01,Maldives,Afghanistan,0,1,1,1,draw,team2,False,False,1.0
2026-06-02,Croatia,Belgium,0,2,1,1,draw,team2,False,False,2.0
2026-06-02,Georgia,Romania,1,1,1,1,draw,draw,True,True,0.0
2026-06-02,Haiti,New Zealand,4,0,1,2,team2,team1,False,False,5.0
2026-06-02,Morocco,Madagascar,4,0,6,0,team1,team1,True,False,2.0
2026-06-02,Wales,Ghana,1,1,2,1,team1,draw,False,False,1.0
2026-06-03,Albania,Israel,0,1,2,1,team1,team2,False,False,2.0
2026-06-03,DR Congo,Denmark,0,0,1,2,team2,draw,False,False,1.0
2026-06-03,Gibraltar,British Virgin Islands,4,0,2,1,team1,team1,True,False,3.0
2026-06-03,South Korea,El Salvador,1,0,4,0,team1,team1,True,False,3.0
2026-06-03,Luxembourg,Italy,0,1,0,4,team2,team2,True,False,3.0
2026-06-03,Netherlands,Algeria,0,1,2,1,team1,team2,False,False,2.0
2026-06-03,Panama,Dominican Republic,4,2,3,0,team1,team1,True,False,1.0
2026-06-03,Poland,Nigeria,2,2,1,1,draw,draw,True,False,0.0
2026-06-03,Philippines,Guam,5,1,3,0,team1,team1,True,False,1.0
2026-06-01,Maldives,Pakistan,0,3,2,0,team1,team2,False,False,5.0
2026-06-04,Andorra,Liechtenstein,2,0,2,1,team1,team1,True,False,1.0
2026-06-04,Cambodia,Bhutan,4,0,2,1,team1,team1,True,False,3.0
2026-06-04,France,Ivory Coast,1,2,3,0,team1,team2,False,False,4.0
2026-06-04,Guatemala,Czech Republic,1,5,0,2,team2,team2,True,False,2.0
2026-06-04,Iran,Mali,2,0,2,1,team1,team1,True,False,1.0
2026-06-04,Lesotho,Kenya,1,1,1,2,team2,draw,False,False,1.0
2026-06-04,Mexico,Serbia,5,1,2,1,team1,team1,True,False,3.0
2026-06-04,Northern Ireland,Guinea,1,0,1,1,draw,team1,False,False,1.0
2026-06-04,Slovenia,Cyprus,1,1,4,0,team1,draw,False,False,4.0
2026-06-04,Spain,Iraq,1,1,5,0,team1,draw,False,False,5.0
2026-06-04,Sweden,Greece,2,2,1,1,draw,draw,True,False,0.0
2026-06-05,Angola,Mauritania,1,1,2,1,team1,draw,False,False,1.0
2026-06-05,Azerbaijan,Malta,0,2,2,1,team1,team2,False,False,3.0
2026-06-05,Belarus,Syria,4,1,1,1,draw,team1,False,False,3.0
2026-06-05,Canada,Republic of Ireland,1,1,2,0,team1,draw,False,False,2.0
2026-06-05,Georgia,Bahrain,2,0,2,1,team1,team1,True,False,1.0
2026-06-05,Haiti,Peru,1,2,1,2,team2,team2,True,True,0.0
2026-06-05,Hong Kong,Mongolia,2,0,6,0,team1,team1,True,False,4.0
2026-06-05,Hungary,Finland,2,1,2,1,team1,team1,True,True,0.0
2026-06-05,Indonesia,Oman,3,0,1,2,team2,team1,False,False,4.0
2026-06-05,Moldova,Bulgaria,2,2,1,2,team2,draw,False,False,1.0
2026-06-05,Paraguay,Nicaragua,4,0,3,0,team1,team1,True,False,1.0
2026-06-05,San Marino,Bangladesh,1,2,0,2,team2,team2,True,False,1.0
2026-06-05,Singapore,China,1,2,0,3,team2,team2,True,False,2.0
2026-06-05,Slovakia,Montenegro,2,2,2,0,team1,draw,False,False,2.0
2026-06-05,Tajikistan,India,3,1,2,1,team1,team1,True,False,1.0
2026-06-05,Thailand,Kuwait,2,2,2,0,team1,draw,False,False,2.0
2026-06-05,Russia,Burkina Faso,3,0,2,1,team1,team1,True,False,2.0
2026-06-05,Benin,Niger,1,1,2,1,team1,draw,False,False,1.0
2026-06-05,Central African Republic,Togo,1,1,1,2,team2,draw,False,False,1.0
2026-06-05,Puerto Rico,Saudi Arabia,0,3,0,3,team2,team2,True,True,0.0
2026-06-06,Vanuatu,Fiji,2,1,1,2,team2,team1,False,False,2.0
2026-06-06,Albania,Luxembourg,0,1,2,1,team1,team2,False,False,2.0
2026-06-06,Argentina,Honduras,2,0,6,0,team1,team1,True,False,4.0
2026-06-06,Armenia,Kazakhstan,1,1,1,1,draw,draw,True,True,0.0
2026-06-06,Australia,Switzerland,1,1,1,1,draw,draw,True,True,0.0
2026-06-06,Belgium,Tunisia,5,0,3,0,team1,team1,True,False,2.0
2026-06-06,Bermuda,Cape Verde,3,0,0,3,team2,team1,False,False,6.0
2026-06-06,Bolivia,Scotland,0,4,1,2,team2,team2,True,False,3.0
2026-06-06,Brazil,Egypt,2,1,2,0,team1,team1,True,False,1.0
2026-06-06,Curaçao,Aruba,4,0,5,0,team1,team1,True,False,1.0
2026-06-06,England,New Zealand,1,0,4,0,team1,team1,True,False,3.0
2026-06-06,Sierra Leone,Liberia,1,0,2,1,team1,team1,True,False,0.0
2026-06-06,Ethiopia,Malawi,1,0,1,1,draw,team1,False,False,1.0
2026-06-06,Gibraltar,Cayman Islands,4,1,2,1,team1,team1,True,False,2.0
2026-06-06,Jamaica,South Africa,0,1,1,2,team2,team2,True,False,0.0
2026-06-06,Kyrgyzstan,Palestine,0,0,2,0,team1,draw,False,False,2.0
2026-06-06,Panama,Bosnia and Herzegovina,1,1,2,1,team1,draw,False,False,1.0
2026-06-06,Portugal,Chile,2,1,4,0,team1,team1,True,False,3.0
2026-06-06,Qatar,El Salvador,0,0,2,0,team1,draw,False,False,2.0
2026-06-06,Romania,Wales,2,1,1,1,draw,team1,False,False,1.0
2026-06-06,United States,Germany,1,2,1,2,team2,team2,True,True,0.0
2026-06-06,British Virgin Islands,Bonaire,2,0,0,7,team2,team1,False,False,9.0
2026-06-06,Gibraltar,Cayman Islands,4,1,2,1,team1,team1,True,False,2.0
2026-06-06,Venezuela,Turkey,1,2,1,2,team2,team2,True,True,0.0
2026-06-06,Myanmar,Guam,6,1,2,1,team1,team1,True,False,4.0
2026-06-06,Lithuania,Latvia,1,1,1,1,draw,draw,True,True,0.0
2026-06-06,Estonia,Faroe Islands,1,0,2,1,team1,team1,True,False,0.0
2026-06-07,Afghanistan,Pakistan,0,2,2,1,team1,team2,False,False,3.0
2026-06-07,Croatia,Slovenia,2,1,3,0,team1,team1,True,False,2.0
2026-06-07,Ecuador,Guatemala,3,0,3,0,team1,team1,True,True,0.0
2026-06-07,Greece,Italy,0,1,1,2,team2,team2,True,False,0.0
2026-06-07,Jordan,Colombia,0,2,0,3,team2,team2,True,False,1.0
2026-06-07,Kosovo,Andorra,3,0,4,0,team1,team1,True,False,1.0
2026-06-07,Liechtenstein,Cyprus,0,2,0,3,team2,team2,True,False,1.0
2026-06-07,Morocco,Norway,1,1,2,1,team1,draw,False,False,1.0
2026-06-07,Denmark,Ukraine,2,1,2,1,team1,team1,True,True,0.0
2026-06-08,France,Northern Ireland,3,1,6,0,team1,team1,True,False,4.0
2026-06-08,Netherlands,Uzbekistan,2,1,3,0,team1,team1,True,False,2.0
2026-06-08,Peru,Spain,1,3,0,4,team2,team2,True,False,2.0
2026-06-08,Mauritania,Niger,1,0,1,1,draw,team1,False,False,1.0
2026-06-09,Angola,Central African Republic,3,0,2,0,team1,team1,True,False,1.0
2026-06-09,Argentina,Iceland,3,0,6,0,team1,team1,True,False,3.0
2026-06-09,Armenia,Moldova,1,1,2,1,team1,draw,False,False,1.0
2026-06-09,Azerbaijan,San Marino,2,1,4,0,team1,team1,True,False,3.0
2026-06-09,Belarus,Burkina Faso,2,2,1,2,team2,draw,False,False,1.0
2026-06-09,Cambodia,Hong Kong,2,0,0,4,team2,team1,False,False,6.0
2026-06-09,China,Thailand,0,0,2,1,team1,draw,False,False,1.0
2026-06-09,DR Congo,Chile,1,2,1,1,draw,team2,False,False,1.0
2026-06-09,Equatorial Guinea,Comoros,0,1,1,1,draw,team2,False,False,1.0
2026-06-09,Ethiopia,Malawi,1,1,1,1,draw,draw,True,True,0.0
2026-06-09,Hungary,Kazakhstan,3,1,3,0,team1,team1,True,False,1.0
2026-06-09,Indonesia,Mozambique,1,0,1,1,draw,team1,False,False,1.0
2026-06-09,Kyrgyzstan,Palestine,0,0,2,0,team1,draw,False,False,2.0
2026-06-09,Saudi Arabia,Senegal,0,0,0,3,team2,draw,False,False,3.0
2026-06-09,Tajikistan,India,1,1,2,1,team1,draw,False,False,1.0
2026-06-09,Philippines,Myanmar,5,1,2,1,team1,team1,True,False,3.0
2026-06-09,Latvia,Faroe Islands,0,1,1,1,draw,team2,False,False,1.0
2026-06-09,Estonia,Lithuania,1,0,2,1,team1,team1,True,False,0.0
2026-06-09,Russia,Trinidad and Tobago,3,0,4,0,team1,team1,True,False,1.0
2026-06-09,Togo,Benin,5,1,1,1,draw,team1,False,False,4.0
2026-06-09,Liberia,Sierra Leone,3,1,1,1,draw,team1,False,False,2.0
2026-06-09,Iraq,Venezuela,0,2,1,1,draw,team2,False,False,2.0
